,region,ss_z,ss,ss_k,ss_null,ss_null_mean,ss_null_std,N
0,VISp,10.806433603817537,0.22158300207801385,6,"[0.13237786356290912, 0.15209846489307008, 0.14950762709801274, 0.12882182859883548, 0.13968010547103932, 0.15104116441468415, 0.1466344274464732, 0.14406593998931733, 0.15372319762551262, 0.14129500271756784, 0.15241668093671842, 0.14484857878209423, 0.158354517369099, 0.13579485835224603, 0.14416272002181585, 0.14535218972799888, 0.15096567327800184, 0.1411968431842473, 0.1626653510387833, 0.1594545327006074, 0.15090793849080303, 0.13966101728482908, 0.1356732417985092, 0.13553356052693805, 0.14663611264323176, 0.14757262927271245, 0.13268175079194983, 0.12916344069451333, 0.14090799880771318, 0.14564525041845705, 0.14526920089609038, 0.134744481458643, 0.15092591788247575, 0.14997887031802765, 0.14110347081776942, 0.1487133511433632, 0.1427653189301088, 0.13629261210478838, 0.15007732963979395, 0.1484989333397766, 0.14066453478489646, 0.14624944170579088, 0.14009155176429716, 0.14428858807498676, 0.14310840799304175, 0.1508744251725744, 0.1469393325887087, 0.151239608020924, 0.1467991390786204, 0.13513567833765489, 0.15751860694075115, 0.1487691133779087, 0.1257094553341853, 0.15349746183314156, 0.1446172405738835, 0.14585809681956344, 0.1540208450100995, 0.14062404116890087, 0.1374793467553467, 0.14117434339680202, 0.13537514713746915, 0.14154830145103744, 0.1349362270708689, 0.14628904286647654, 0.14264415068956635, 0.14350751867297867, 0.14913676313654733, 0.14121866078472953, 0.13831287421405394, 0.14789974434543318, 0.1516642346577048, 0.12933892651307527, 0.1378916560156134, 0.13925572116456528, 0.14816870006398655, 0.13657812224948346, 0.15759884773533786, 0.14421195666050227, 0.14163716746536362, 0.13695337789789064, 0.14518995407112775, 0.14664423559626857, 0.1396268126990073, 0.14103802637780335, 0.14321280270872402, 0.13631002163224856, 0.13763484657621294, 0.1443206386299703, 0.14405809396281188, 0.14073568824940288, 0.15861248379330703, 0.14129834258416196, 0.1337569360031245, 0.1413270858633225, 0.14184942498815498, 0.14305398627036794, 0.15607654608339191, 0.1355715740975658, 0.1468755398034786, 0.14548372608544977]",0.14388713160070193,0.007189779100652102,201
1,AUDp,7.714556162803358,0.23225764303702637,3,"[0.1499826632316784, 0.1540633595222671, 0.16003618099011255, 0.1482151872335504, 0.15568262481542403, 0.15966077483114807, 0.15962052545056085, 0.1877813689833544, 0.15007872774753822, 0.17860859613782842, 0.15533562432183176, 0.16757069651391346, 0.1645952492380355, 0.16475045721466736, 0.17062384183817814, 0.17167164732022447, 0.16931729130100948, 0.15525876533040678, 0.1640075389268432, 0.15843332583495667, 0.16513327836491903, 0.17726117332559596, 0.17645457545857546, 0.1687507210720839, 0.14763428420536923, 0.16777520985698194, 0.15841668315926682, 0.16412400811780917, 0.17624075623874141, 0.15760659775294458, 0.14493520287589828, 0.15770298846720712, 0.1570114807256869, 0.16319136692603578, 0.1590246405850502, 0.14829399519375613, 0.16608982566662253, 0.16538171515736416, 0.15051901475161242, 0.16246734974289248, 0.16164402639369999, 0.16486156892571238, 0.16146473933285935, 0.16898095177214645, 0.1612233519432436, 0.16293950841151042, 0.15979348335865787, 0.17057284312356477, 0.15316513346679317, 0.15919643221100588, 0.16114004635686985, 0.16549778473615842, 0.16958884477185404, 0.1787539402153642, 0.16417749305994042, 0.16563563915093252, 0.17277573900171367, 0.15316095575828986, 0.15023065271568328, 0.17192657022607266, 0.1588462126796849, 0.1802551912362861, 0.16138996003355105, 0.15950865698276415, 0.14393321937967707, 0.15739028325551352, 0.15200875675051925, 0.1436607936434264, 0.15737250383534102, 0.14347985998803922, 0.16195156981328976, 0.1645897506952397, 0.149479105542016, 0.1543319548995211, 0.1787917749952616, 0.1587371518920913, 0.15525065629457507, 0.15820678948207056, 0.1636203936559374, 0.14871740275023168, 0.15791764626736315, 0.16859643398381324, 0.16600614558377977, 0.14677842784783102, 0.1704437571867822, 0.1687457813779657, 0.15987265147389765, 0.1465284822936166, 0.15912056303625255, 0.16062071942434947, 0.16209196859653485, 0.1559209081823582, 0.1467974503114081, 0.1393628552552882, 0.1578443707303556, 0.15249350822143679, 0.15118611012478822, 0.1718871642285555, 0.16454860491386272, 0.16989688716826698]",0.1608422144337356,0.0092572310183739,181
2,SSp-ll,1.7249243317250618,0.207899270363557,3,"[0.16913111561648903, 0.17963228836385794, 0.18142163430438746, 0.18552582613274315, 0.19393411789215065, 0.20233277463338878, 0.1710591305949118, 0.1881690627128429, 0.1676900883046889, 0.19503817559826828, 0.16297712226406194, 0.1855740812219253, 0.18601128496583105, 0.16415980433702337, 0.19049716752635262, 0.20372023595709754, 0.20334637367036848, 0.1771962079239218, 0.19192046260240717, 0.20238427495265135, 0.19303401026473854, 0.2022565470182893, 0.17597938364833662, 0.1977714058948676, 0.20354080665853855, 0.20176719994748277, 0.17991194133137117, 0.18532102429435154, 0.19631478880472633, 0.17222825183703086, 0.1862808043428349, 0.21034831310918847, 0.17460669497701276, 0.19474325807984322, 0.19195387693531588, 0.18038103806303565, 0.15848614738757535, 0.18724584122965302, 0.19525024613704312, 0.17501635851146663, 0.20016941720496453, 0.1893220552936931, 0.18802894872724843, 0.19642071213335785, 0.20646056519016348, 0.19245028727678343, 0.19492447487764872, 0.1918535933094106, 0.1934058889259341, 0.19522593470762506, 0.1832182761929404, 0.17536500806911443, 0.15409951042290984, 0.1988205839765015, 0.1805098943235724, 0.19133281843372535, 0.20816553180679032, 0.1846463029287567, 0.1900658231849505, 0.1920092449808781, 0.18568745655994429, 0.1933671436972399, 0.17083259316810645, 0.19753781876009968, 0.16522953363710322, 0.1681722432140911, 0.18772817105628506, 0.19501178771733343, 0.1709287948820711, 0.20997235199390596, 0.1750358568149957, 0.18871524079341911, 0.17518408437655772, 0.17087004947398404, 0.17454945333758376, 0.18463683812617535, 0.17658321310597896, 0.1939992594559862, 0.20577534878747933, 0.17228471409486235, 0.20883231264241497, 0.17973266915346314, 0.18508803311654165, 0.20291955705590076, 0.19146916445061368, 0.18744163524792853, 0.18516504564496858, 0.19727761433035623, 0.17538382133980865, 0.1904901892641513, 0.18320595609858142, 0.1833066582375575, 0.17847029061327363, 0.1955858123281591, 0.18808389808943252, 0.1902750257728056, 0.18053991436709568, 0.20428133029031764, 0.18331998422074497, 0.1869798771643678]",0.18710604782496726,0.012054570833141908,85
3,SSp-n,3.7632855697691117,0.2906645755401465,3,"[0.18978497924380353, 0.20618613436857355, 0.21849208591787067, 0.20826320657442138, 0.2504075776477696, 0.2075490887551394, 0.20631436316813018, 0.23210923430534994, 0.23603447876234573, 0.21321713222535216, 0.21186619502371487, 0.22756358442871918, 0.19796636301745113, 0.20245456995005157, 0.2106466378756048, 0.1760548742651485, 0.20436371914205356, 0.25917814243509335, 0.19870354860070735, 0.21532715945275807, 0.2463369144352262, 0.24413323676124843, 0.2442125468814595, 0.2076770204805837, 0.2286418542544805, 0.23039073713353436, 0.18482107604940273, 0.23702344517571178, 0.2018692529028368, 0.2153103092856573, 0.23690048539783798, 0.22686507919213061, 0.23159493875232817, 0.20002644361459074, 0.23757039474858466, 0.2283258400599067, 0.216454319388948, 0.2867825354972407, 0.232509185066372, 0.1953235052573808, 0.21850127373613024, 0.19720760542695526, 0.25880493573413177, 0.22625821963637485, 0.20278027060786818, 0.22910074696360416, 0.227665642897621, 0.20446339562146407, 0.19267207496839978, 0.22938041814009247, 0.21520796246041463, 0.2087204420492275, 0.21251456381971304, 0.2054969946949091, 0.1922582183535128, 0.2158594682212939, 0.22961163270946455, 0.23659625758455857, 0.19252803725664278, 0.24614889272378987, 0.19742228646574767, 0.20369123393899793, 0.21094586163756013, 0.21542225546299423, 0.23329220399149878, 0.21291864061838747, 0.21067231057059702, 0.23897216855710135, 0.2402331242036862, 0.23938428826461342, 0.24268603039938644, 0.19728607676762322, 0.2117737075283379, 0.2604141772632126, 0.2472483879034427, 0.22298497473393472, 0.21092381270152932, 0.1856792794624078, 0.19416337650163348, 0.20420341989655985, 0.20546141064657214, 0.1924684635281295, 0.1978112699533838, 0.19356323836570413, 0.2295274121956153, 0.1849943493283206, 0.20053474384759437, 0.21504803639572637, 0.20465351725508338, 0.21659240468217938, 0.21547118084513725, 0.22030294791362873, 0.19931221498431673, 0.20455597198621475, 0.24244299079862763, 0.21549077063127503, 0.21031191552078238, 0.21255030315296325, 0.2067555298027205, 0.20313661670837724]",0.21698332154513292,0.01957896966068779,57
4,SSp-ul,7.530037552400971,0.24179427628509123,5,"[0.15036686338299637, 0.168109699833511, 0.17447042234177007, 0.17109438561019788, 0.17088677640084224, 0.15907355473802684, 0.15448908906188227, 0.15419730782964436, 0.15366219615156035, 0.16693809260613, 0.16018399076022555, 0.1557713156432731, 0.17982686565143333, 0.1593201393991897, 0.163731954202497, 0.171937328610335, 0.17545452570448597, 0.16270171619024407, 0.1678029734540279, 0.18244027029396387, 0.15522287441970226, 0.15939513073507233, 0.17448615245168497, 0.16617292908064135, 0.16265309044026405, 0.15043815466804106, 0.18039077892199498, 0.1629821037002054, 0.15559868902220553, 0.1740964947954473, 0.1601487583163356, 0.1623794080916711, 0.17611239119083877, 0.18701754010518334, 0.19231621892870066, 0.18676878050372886, 0.18246793803608535, 0.1621842809121933, 0.17110742582876723, 0.1597117819347409, 0.14956879152128427, 0.16152147338451012, 0.177462375925994, 0.1604980665399047, 0.17236294496043755, 0.1755495661618864, 0.1627155981551153, 0.16007188124167138, 0.17141965988965405, 0.1555133536583096, 0.13735182298595427, 0.16338968177858934, 0.16781890818125172, 0.16043679793053967, 0.17054464731742752, 0.16725743466300086, 0.15258131861296406, 0.15274722088076603, 0.15027449338199028, 0.16858988979479644, 0.1583641755689907, 0.1609985668731194, 0.16782421678764145, 0.14369879865348292, 0.17144503906209196, 0.1698569595191326, 0.16862871110903974, 0.16619586815481427, 0.1471893558281456, 0.1657509834781642, 0.16704050867900402, 0.17669862635302525, 0.1731240029258878, 0.16637123984857324, 0.15593798091335087, 0.16406530678560233, 0.15577789829953917, 0.17078342045074554, 0.15251279079973895, 0.173201368609477, 0.15740510911284186, 0.17012710562106878, 0.1742520208536339, 0.16875572271756475, 0.16094320831903317, 0.16526987032391535, 0.1748198277654893, 0.16618762910814167, 0.1534607128010362, 0.16604836047015437, 0.16466210041888274, 0.19453667775000855, 0.17417872051114186, 0.15933345870535626, 0.16309721941479347, 0.15717104196503548, 0.16067675059689024, 0.18313004288650644, 0.1558639111939601, 0.16998623329544757]",0.1653715785944626,0.010149046025177,110
5,SSp-m,2.8476255811822946,0.18530209264831185,3,"[0.1583579873759082, 0.15195999813806726, 0.16751775577933165, 0.16387561340848789, 0.16444297457807275, 0.15654916428002744, 0.15868262478014933, 0.17125890229041502, 0.1607976350910983, 0.15825264371658526, 0.1534549901969012, 0.1601491851104856, 0.15725318603963306, 0.15618951671621042, 0.1584848193303598, 0.16320653014723382, 0.16552852855543568, 0.1662627784671033, 0.17088636537491855, 0.14441881460002, 0.1530151607463953, 0.15344485339258027, 0.15341629297427023, 0.15915886958571152, 0.1523090747075319, 0.15888410942258063, 0.16119695612643906, 0.16220514933902258, 0.15374227944599364, 0.15689756116922077, 0.16081338492377453, 0.1545983237611941, 0.17471462996660894, 0.150454733871349, 0.16504195273521524, 0.1613625596634207, 0.1697843204806738, 0.16454576531591986, 0.16134168367480106, 0.17101437480712758, 0.17922349700261084, 0.1682036371997305, 0.1559995522343836, 0.15822408292444612, 0.16920696265999766, 0.1759848068027436, 0.1479433434737456, 0.15629882746140797, 0.17727995794171778, 0.15798276069787767, 0.1688045364233475, 0.15972753980933627, 0.15893156117256377, 0.17610703499919425, 0.1516237234899108, 0.16534928282355107, 0.14679408021975782, 0.14422191207696233, 0.1450464658130911, 0.17060702683541148, 0.16166871035994598, 0.1796262180141183, 0.1785966474594367, 0.16170663336504454, 0.153727866080786, 0.15637962508056183, 0.16144832962816802, 0.15809186225738842, 0.16802096238612096, 0.18137058191574862, 0.16581550526988084, 0.1559624808995195, 0.1599618657275959, 0.1566368893166609, 0.1641386950858523, 0.16490758080913212, 0.16619085596556082, 0.17217220286443485, 0.17045296144091632, 0.1598601423193116, 0.16838681562286903, 0.1598504274149074, 0.16007441377354922, 0.1675300162490766, 0.17516571062253197, 0.16150880827583353, 0.1641445891624852, 0.1642080705665066, 0.16097689979124877, 0.15820474991674935, 0.1694974712257795, 0.16517149561162947, 0.15641439864397105, 0.17602328605389772, 0.16660958616079974, 0.176796534273434, 0.1654603083416964, 0.1620678865519408, 0.16787116007731148, 0.15886827118988542]",0.1624060015792035,0.008040414870694552,591
6,SSp-bfd,2.125959467883529,0.18160421504758292,3,"[0.15340742074483293, 0.17557252185622224, 0.16045688062325034, 0.15402347640258846, 0.17094053654064634, 0.16163149643686353, 0.16048631874038455, 0.17952791537375756, 0.1629467918309639, 0.17044292558581914, 0.16620735189310365, 0.16230917287193805, 0.1761056531381291, 0.1692613723267846, 0.16915595450193915, 0.1666262439612522, 0.1639288226558693, 0.17389621413985135, 0.160236870224415, 0.14977290552919728, 0.1521461195493952, 0.1704576135919043, 0.1575528891829837, 0.15342568917228488, 0.14874499076170059, 0.16346809190119788, 0.15989893914699588, 0.14949057077492106, 0.16606544592848815, 0.16897945952301388, 0.16755257843940807, 0.17059635219893177, 0.1656989239138749, 0.16666040238512506, 0.168402898400103, 0.16182983707355642, 0.16493547744936451, 0.1657230505850826, 0.1518621329477362, 0.16633137322135066, 0.1738797739087346, 0.17196953214672972, 0.1592665864379353, 0.15988455215361602, 0.1633282663935693, 0.15753146353697248, 0.15757142734165036, 0.1721714421556386, 0.1635823662980513, 0.16442403722805798, 0.14785152777415708, 0.1624066130750483, 0.15195455590588902, 0.16088149278269515, 0.15322841211007257, 0.1637190358622097, 0.1393043067774169, 0.16775497332442368, 0.149729267130677, 0.16040845727204142, 0.16067112006952217, 0.15660156429541505, 0.1566771299718036, 0.16492021619210914, 0.15981129202919833, 0.1669404525567545, 0.1652318609093616, 0.16204360363194795, 0.15405837519778037, 0.17089089721975514, 0.15523113133920766, 0.1580942909424687, 0.13757071858329167, 0.15548014401103613, 0.1474024832237826, 0.1599635110212199, 0.1646371786817983, 0.17119395434929113, 0.17252405216109332, 0.16566663728093428, 0.16282668221991692, 0.17637469891916535, 0.18251953641976884, 0.16927163245529006, 0.1610942761443424, 0.14408501521214298, 0.1699724286765232, 0.15482645092180622, 0.16990592715908448, 0.15555668550539672, 0.15876978117703772, 0.16960544342493336, 0.16123780441760008, 0.15456751005853228, 0.1685059601048606, 0.15189646396745204, 0.18244369841906735, 0.15447169484687778, 0.18574894309898785, 0.1757636594646525]",0.16262662677422024,0.008926599288487644,233
7,SSs,2.310829808923233,0.18798794961099263,3,"[0.1629723507489889, 0.16457472209438545, 0.15973409592137086, 0.17037651365864528, 0.18015322912469084, 0.16688661562927823, 0.1681129074071794, 0.17216619809855316, 0.158804768828833, 0.16603596793491163, 0.15949498275299584, 0.16520510953046036, 0.17016376204520395, 0.16386207726822014, 0.15873515405149755, 0.17076565700916002, 0.16720154412677174, 0.15365658728210468, 0.16148387249734922, 0.16064150424654025, 0.15857222397196682, 0.17688337574548377, 0.18230526757015558, 0.16711105732238163, 0.1789015059558313, 0.1637562425339894, 0.16659024250094712, 0.17040417682854456, 0.176754174125875, 0.17565677692954804, 0.1686863361181227, 0.16460944306003775, 0.1612023877803728, 0.16283349002177708, 0.17488355169323436, 0.16084029417294488, 0.16301305197243252, 0.15104928067362058, 0.181402386192998, 0.16769587416939233, 0.16501141014214799, 0.17297187180064763, 0.159948987460435, 0.17117768755606533, 0.16382821676219514, 0.15711652612650723, 0.1674222696896303, 0.16320604518177098, 0.17239862072604778, 0.1741785136243703, 0.16312008121435345, 0.16270446556585327, 0.15292263063446906, 0.1743434775048625, 0.16982095901551894, 0.17011333244622287, 0.19582404174224113, 0.14878544777461095, 0.1578044286079742, 0.16908923411191515, 0.17206943526710802, 0.1599325834977334, 0.18080560236825496, 0.1671946399737687, 0.15262494933124252, 0.16433717599109163, 0.17326211217716245, 0.17194422612423, 0.17305717019313435, 0.16305231067184014, 0.15198190612499557, 0.17611117679778046, 0.16463262605668766, 0.17483497537037476, 0.1791813392605761, 0.153522619328068, 0.15422044432558263, 0.16294487797409873, 0.17676296211094752, 0.16838679068179435, 0.16749502455385257, 0.19702314923635775, 0.1725812582183423, 0.17471941189850201, 0.1703020250116755, 0.1470325580417379, 0.1692993559003083, 0.15821422656943243, 0.1561919695457764, 0.1629856572657702, 0.16020970402643794, 0.15284106775198955, 0.17992615770407194, 0.170466222043901, 0.15719742307971077, 0.17840572412651404, 0.18371504822537832, 0.16726433355593015, 0.17282789275975435, 0.16275128547914725]",0.167082764259057,0.009046614022032516,321
8,SSp-tr,1.142128214817099,0.20749441660077161,8,"[0.16643394109007822, 0.1904316324006693, 0.19381087434554342, 0.21226901053177447, 0.20462122764192453, 0.18267969658968206, 0.17052479158223013, 0.19174777329239331, 0.16728207146207763, 0.18827470690403605, 0.20406716457148041, 0.19494577004195524, 0.2032197993233587, 0.2044077720726523, 0.17579039098026492, 0.19425955947844165, 0.18720765556968394, 0.20526098420330652, 0.1833694655453213, 0.22564064114002003, 0.1954911591821203, 0.18763039087528957, 0.21004141333175746, 0.19937119194053168, 0.18915393189707663, 0.2039014388918521, 0.17975123906026932, 0.1750155121135495, 0.19569992208836712, 0.17183193222695264, 0.1978020147291851, 0.2007523166459427, 0.2209524789305193, 0.17672357602891337, 0.20045455412974122, 0.1959619464687282, 0.2230785516436119, 0.16531842510472805, 0.19894859701933745, 0.1856412876303906, 0.20537106600738786, 0.1813625031643407, 0.17419894038891884, 0.17065464582495693, 0.18251576796187147, 0.18002814642289489, 0.18111843019817464, 0.19464140331637145, 0.18783823094576432, 0.19362243228353895, 0.18160112630367875, 0.21761994373296092, 0.18009105486534993, 0.17068255264264584, 0.18314235085678698, 0.201116179331533, 0.1918840221387801, 0.19656654042767055, 0.19194650789874548, 0.18249969166824234, 0.16043184972176802, 0.17888515390196938, 0.1722784820093019, 0.2006435207255663, 0.19965379216882723, 0.21427528608474267, 0.18024428756095243, 0.19410466712724617, 0.1529147222380325, 0.19221635939505005, 0.1980350839801255, 0.19565397359795714, 0.18495869266700715, 0.18138318651849067, 0.19110435226274214, 0.19587500681176986, 0.20062135663925737, 0.17440998658454754, 0.18863674782800388, 0.184049826305456, 0.19103355630743254, 0.1749936177113021, 0.18995071209464082, 0.20134236451246898, 0.18596444567464093, 0.2075846056286807, 0.17030829232703398, 0.17258248076326335, 0.20697787467138326, 0.23328753559736112, 0.18839277902003138, 0.21115670595221112, 0.20294419356604523, 0.17802881091691572, 0.20329486395841465, 0.1913926960127926, 0.20085377339053684, 0.19396719661307943, 0.20053316476852456, 0.17719803323649577]",0.19090432381938446,0.01452559578352059,104
9,MOp,-1.0510339371471344,0.12548311427825173,5,"[0.12565923043397922, 0.13317985911012095, 0.13175758852671246, 0.12477628688499949, 0.1355489622724084, 0.12750892645359965, 0.1263991310008883, 0.1290006259965135, 0.13009832682875555, 0.1261186646944971, 0.1331262577524674, 0.12636318418995757, 0.12996010689502682, 0.12567357019250233, 0.12715886350363065, 0.13046695759951368, 0.12643957967424926, 0.12602985281049103, 0.12338291986626466, 0.13174451974152307, 0.12212781803236392, 0.12937726697222462, 0.1312439004978052, 0.12848641289840157, 0.12901574726492362, 0.13366424401497476, 0.1300231504670729, 0.13096023789776406, 0.13499114590800573, 0.13586554700484646, 0.12313102683426472, 0.1313131669547303, 0.130976774750201, 0.13139462069004315, 0.1319835155898755, 0.12420568889106728, 0.12473022060991092, 0.12135859138884575, 0.1281554034726282, 0.13488987587804166, 0.1330313306205816, 0.1322670196192412, 0.12225307030097796, 0.1265036363322435, 0.13164226338546814, 0.13988085022428182, 0.12510486319502026, 0.1262415568626561, 0.12423018439510021, 0.13034893669971362, 0.1288351695090125, 0.1285870542422166, 0.1319636101855714, 0.12850914059005467, 0.13336372100414334, 0.12854776568158413, 0.12899672100861115, 0.1252225762416464, 0.13438374841072528, 0.13162149968670697, 0.13686817887105115, 0.13300253362993258, 0.13244026219498195, 0.1284225926493263, 0.12727505597160305, 0.13203733672307505, 0.13060442854686258, 0.1284597117619836, 0.12802945799506843, 0.131868249766609, 0.1301934195018398, 0.1252213396602444, 0.1274610950240598, 0.12621443741698612, 0.12988381127809775, 0.12348131966459018, 0.13295640156595934, 0.12756864756885877, 0.13520975273345276, 0.1271187057179123, 0.12956709021780083, 0.12804489743385794, 0.12558530459589864, 0.12774413304448304, 0.12981240279259262, 0.12714665374405995, 0.12953825719516826, 0.12659337374702492, 0.13079572412894633, 0.12900012850239323, 0.12365224029748316, 0.1269458546638921, 0.13508417254635172, 0.13192270022222477, 0.13157686691261886, 0.1283427998545057, 0.13294465159272134, 0.12831146958980164, 0.1263787976808379, 0.12832466401534634]",0.12921451409662155,0.003550218205606289,910
10,RSPv,0.009499979477807566,0.18630460708903396,4,"[0.16276962818038465, 0.18887317332916057, 0.2044402891975244, 0.21235005113070352, 0.1806087946918421, 0.19395493877914277, 0.17325599692971208, 0.19472007534898056, 0.15853857317817527, 0.21748889878853708, 0.20050390494369383, 0.18858983615356512, 0.1743688479986929, 0.2073465700439834, 0.16850969146161354, 0.21117679004465634, 0.17405126825772296, 0.1796815640806619, 0.17249555703885056, 0.22068366191167396, 0.17341915545567024, 0.1965619056338207, 0.21230845227395254, 0.18594923994250617, 0.1915828794799383, 0.1796939376752037, 0.17583305195782456, 0.19127104554553412, 0.19252086140217567, 0.2040216659202227, 0.17668549749812193, 0.1849581774661819, 0.21926454152661762, 0.171344453141333, 0.18688035652938478, 0.2042830393555815, 0.19234228137948622, 0.17618461217954498, 0.19395012209537568, 0.18331978901068263, 0.17453276965864126, 0.17389056803378156, 0.1626990816425814, 0.18075469359669893, 0.18602101513471633, 0.17055485745718293, 0.18108593199173978, 0.20402853163761833, 0.1771109023923419, 0.17425238583429806, 0.1724004714207171, 0.21536999573039653, 0.20875291910564645, 0.1679092135965095, 0.1706622369830416, 0.1777693025293639, 0.18184088187488967, 0.18110004341207342, 0.1781245265837098, 0.16821891233950825, 0.14683745894134842, 0.16767695511100855, 0.17007720650675223, 0.19074248233670588, 0.19115787094395886, 0.2113461983281008, 0.1795226708253193, 0.19500805819279543, 0.17259979448799528, 0.21219177802781844, 0.19469818440572592, 0.18948313431185565, 0.16958075451878152, 0.18616350286956188, 0.1751844322997562, 0.19317751681214787, 0.20188115759369657, 0.16340202761367717, 0.18218147117308078, 0.17160737134000556, 0.2075179479373047, 0.17176714616491948, 0.16934243880472907, 0.2054292612008809, 0.18530980328432778, 0.1831163697388338, 0.16129616730757734, 0.18100840717312539, 0.20430144746937587, 0.22632176860344191, 0.18238804459260788, 0.1966335695711726, 0.1986458871896533, 0.16581844539805582, 0.1874831047074855, 0.17583878068202125, 0.19876720980360785, 0.1868326207187358, 0.18267717263786815, 0.19654781405341779]",0.18615425851593126,0.015826199778001697,104
11,RSPd,4.345583636623346,0.27157124270749367,5,"[0.1625599953556671, 0.18882009066041805, 0.18613868732870767, 0.22057631901, 0.19844249152602333, 0.18292497626120294, 0.21330100589210038, 0.1796735541959623, 0.19915852367017742, 0.1732640251251207, 0.1866335741448108, 0.21474401392090608, 0.1672008837855946, 0.2466703529315282, 0.21707296569445794, 0.2152820924129899, 0.2108877604784428, 0.19276580503377136, 0.2465931024621823, 0.22101578282948367, 0.2079450198493752, 0.18292133410988373, 0.20617346499763645, 0.20953857242872553, 0.19188624824442185, 0.20853787907398552, 0.19919284780828064, 0.20035877264557428, 0.1955630891830259, 0.18868759865890303, 0.2083764323681743, 0.19669823710776982, 0.22035353251871223, 0.18823085646967835, 0.21811876903228025, 0.18215498757327914, 0.19686995063706011, 0.1996045178455404, 0.20221970071198161, 0.16632008468394993, 0.17858916818793413, 0.19891164918461085, 0.18334879387903746, 0.19558960285642277, 0.21500988703539428, 0.19514200969785575, 0.1681110296849364, 0.20134293079052737, 0.21002681232094317, 0.21747635868118476, 0.1957087554093322, 0.18709916716088498, 0.20166650019987473, 0.20457088992166725, 0.18300331875348605, 0.19684509023752586, 0.23172799019683174, 0.19375655202344144, 0.20671127896194527, 0.1849791439509295, 0.18865239127375794, 0.18483837036241846, 0.17432632761812017, 0.19594297523304746, 0.2001619144223686, 0.19634650401540782, 0.194572350317215, 0.1822816076374357, 0.20481221560685553, 0.20333828873792528, 0.18513750119364353, 0.21721955423093345, 0.18849024806887824, 0.19274636653276242, 0.2152741329772434, 0.24249333413359284, 0.18428856808624594, 0.20539648190687018, 0.17570395717497092, 0.20346909133485602, 0.19596848892906107, 0.1855327828019446, 0.1949419960862441, 0.21667208160703602, 0.1743449303542584, 0.17590333847998954, 0.1842029615410101, 0.19556849317204125, 0.22773341861109517, 0.18862696183951597, 0.17622732773196245, 0.18344454944255933, 0.1978453903925959, 0.23623536512257995, 0.20251694668915088, 0.19864559354441597, 0.21984308855300141, 0.19155294406009937, 0.19425977889786863, 0.18519603351696495]",0.19803849480040497,0.016921259387893392,71
12,GU,1.5640039160563346,0.20195888168808704,3,"[0.15552019322214497, 0.17114066538627995, 0.16722862532184743, 0.17499103744691255, 0.1900006731118754, 0.18292666830429527, 0.1831106453797325, 0.16200009776981975, 0.1797148875077087, 0.17117221049759207, 0.17375453330999163, 0.17143220502810771, 0.18479595884917313, 0.19414900274876495, 0.176437426296976, 0.19628310904400575, 0.1854028160060027, 0.17480530627718993, 0.17709745340870817, 0.20721841473045116, 0.20026596246318462, 0.17598107646363456, 0.17387694244993562, 0.20084962463078587, 0.2136906474449949, 0.17338321830937378, 0.18627513276943783, 0.18505112804995824, 0.17627653241721264, 0.1816211686838235, 0.18568755385871996, 0.15327893336941695, 0.1674156190126708, 0.19227862905459253, 0.1693751640681305, 0.17642455029357682, 0.18794702302315744, 0.17401975781355764, 0.21087694017622963, 0.17538883934725058, 0.16998319490894132, 0.17943450636944344, 0.18726144203641673, 0.19308092333631366, 0.19988343543108275, 0.2013447187780832, 0.16556733337620158, 0.21862270882946488, 0.18363142080458958, 0.16477193750356348, 0.15299311498082532, 0.17080991002318513, 0.17954786362819639, 0.18512722653213026, 0.1904133867557271, 0.17923384001418843, 0.18623036508837698, 0.17544661371389256, 0.1844798915938745, 0.175050228714532, 0.1885631771416227, 0.1622685701582287, 0.16978393989051896, 0.18156211179637685, 0.17500073178841358, 0.1765213364833943, 0.1711908777696941, 0.20928322902056634, 0.16154044175796686, 0.18884002275236467, 0.17058316498977355, 0.1654337429459252, 0.1686990950022664, 0.16772396761273775, 0.1878760901865074, 0.2065230266399684, 0.1863133652644418, 0.21033922245728495, 0.17699532863476078, 0.16272001994390392, 0.17915673007943858, 0.19407802770593127, 0.19076781722822245, 0.17567529470776022, 0.18469402906148472, 0.17292643640300645, 0.1798393681645531, 0.17766432079319391, 0.1806882899807655, 0.165929202323298, 0.1941858079090923, 0.1579412745391925, 0.1889468113136876, 0.15712457868088214, 0.19503185807814757, 0.1736848269002058, 0.19488464183408508, 0.18359783547015995, 0.179149930826653, 0.18632796745618216]",0.18082116947458918,0.013515127421673599,88
13,ORBl,2.000789810755186,0.23825607451646344,3,"[0.17215894189590647, 0.19560985759668933, 0.20758852845727313, 0.19005002257297787, 0.20534254672984115, 0.19812941424947558, 0.20410762825127818, 0.20152064898178834, 0.17870569944379447, 0.2159567251911504, 0.20521474761752959, 0.20309265353426229, 0.18105207453350192, 0.19833696128716943, 0.19362483296598607, 0.21054533182577384, 0.16658329700695979, 0.19069973448011415, 0.20554329405289035, 0.22359829061153494, 0.19848742217972576, 0.21717966966307062, 0.21297828348126402, 0.2128951338006971, 0.20231061112309578, 0.21397218301508075, 0.2144267560076704, 0.24982455997958836, 0.19951399197559938, 0.1950301139849463, 0.207585590216446, 0.21731482208396857, 0.21208373263199118, 0.21796652897059265, 0.21843270025731293, 0.21524416119349504, 0.18844770398492836, 0.20256875026302043, 0.2076875041164839, 0.24179696500859935, 0.17146728312456022, 0.18899490244409975, 0.2057763757556754, 0.19108653557801486, 0.21768790213987455, 0.1842656505091303, 0.2280191516194563, 0.19213185737062646, 0.17900531872197686, 0.2227483548795669, 0.21220753701793166, 0.2061657834048036, 0.19889778807499126, 0.19165645677057144, 0.1864621370199768, 0.20247586031430106, 0.1902664271821587, 0.21471560889047997, 0.2006864968843779, 0.1832894850893686, 0.20558026347564948, 0.2176446604108782, 0.2092098210223058, 0.2277169729190285, 0.2164699857201439, 0.21860327710202732, 0.1819143944010844, 0.17577500096249815, 0.18360827630166673, 0.20572484978584804, 0.2063672610195989, 0.22035085358764578, 0.22249571699382983, 0.223008013964769, 0.19065672752553953, 0.22612145078717075, 0.21797252169814113, 0.18915344414445234, 0.19850819959513422, 0.19874550584189418, 0.24589691437000336, 0.21986030731783285, 0.23720415376354145, 0.1701020321066472, 0.19254689057043844, 0.1896319481970846, 0.15556451457991452, 0.22185864002928884, 0.20532449318832474, 0.19860611413571994, 0.19677993127869395, 0.19671495606352238, 0.21718056791304366, 0.1985854433484515, 0.23272850002928389, 0.22207059951353528, 0.19662696215236283, 0.20556560755843775, 0.21593736648806108, 0.2038472593568237]",0.2041947572723573,0.01702393577826643,52
14,AId,-0.061734037561424794,0.15502428288316808,5,"[0.14592908075749755, 0.1555133536563529, 0.16085187434973391, 0.1463853145249914, 0.15409163651882749, 0.15422107421487807, 0.15727561034262708, 0.16661322058780123, 0.1578562379074784, 0.16663706208069484, 0.1556866258535349, 0.1585448256953922, 0.1653991150798228, 0.15003753661000932, 0.16255105248467877, 0.14138600934239517, 0.15658934393299023, 0.15864127678022988, 0.1568619069732275, 0.15661264993906254, 0.16547804629693205, 0.17540175177519335, 0.1553034549333162, 0.16486068036894755, 0.15418578961771698, 0.15000653965561833, 0.16416257088718583, 0.14384497919065423, 0.15831467596115942, 0.16199387545668595, 0.148102452576631, 0.14084346244504095, 0.14868456849042053, 0.16333932975302431, 0.1570816260022409, 0.15482688388296126, 0.14752041548632067, 0.15484446587322181, 0.15517443115187166, 0.14783458188801266, 0.16071820636169082, 0.1570095022426399, 0.16126173557347892, 0.15610791418167091, 0.14985264306808244, 0.15916566950965613, 0.15710064101735652, 0.16102075947890251, 0.1534226873669045, 0.15934107394099103, 0.16169776741364356, 0.14902827147969905, 0.16952044079919887, 0.16524714695398204, 0.15981229338429356, 0.15859296427965178, 0.1432655365067345, 0.167540121544325, 0.16025894292510745, 0.14555538218386566, 0.15275176507296015, 0.1497875006623113, 0.15528149838716623, 0.15889701658158104, 0.16096273432898303, 0.15844294209398882, 0.14642263576816295, 0.15269668996785804, 0.15088223220547184, 0.15432042595134113, 0.15090664404476842, 0.14436418086876276, 0.15740853609513172, 0.1474368742264546, 0.15347725155445727, 0.14408659640612892, 0.17359122424097037, 0.1457010573950945, 0.15270386154988008, 0.15334563797518355, 0.16089963059287857, 0.1450539242155036, 0.14253450854264837, 0.15743355434965203, 0.1521189928543216, 0.15540352271990268, 0.15183656746049426, 0.16468202924158903, 0.1583714913406555, 0.15088540408745937, 0.1464950540766061, 0.15712140444394976, 0.1536232037163452, 0.15162958764662712, 0.172030492967505, 0.15923388920897338, 0.14981892245595596, 0.15016724195392597, 0.16196231679312775, 0.14723464202717418]",0.15547012775609212,0.00722202678676942,176
15,VISpm,1.8237913091162854,0.2108944250613009,3,"[0.14916730458755786, 0.17095169858238796, 0.16335089003491457, 0.21583031210501938, 0.18220264360273825, 0.17929126956763883, 0.18942372334645405, 0.16757927780736065, 0.18889182713256053, 0.1676324041788562, 0.17480969815672162, 0.14894056416026288, 0.16694148382506363, 0.1662913875592643, 0.2069093044792806, 0.16548425537333955, 0.2039986296357212, 0.15544264112866443, 0.20233746289053067, 0.20080624358773452, 0.15960645457915917, 0.2254542641994959, 0.1904721391713472, 0.16556510822390094, 0.21033099461614968, 0.18184993263107926, 0.16649142557547733, 0.16956748415422296, 0.17275994324736496, 0.18971578230560687, 0.1818191647022931, 0.21058267586198365, 0.16470434486350585, 0.15814411751213384, 0.1653305528840087, 0.17977757908410666, 0.18258328767502902, 0.1549208931182491, 0.16004614306720544, 0.17940225690922443, 0.19539636355069642, 0.17106916010119488, 0.1758001151465825, 0.18628260849672254, 0.17823345950619926, 0.1644793384253436, 0.1933648154505334, 0.16106269964204198, 0.1910259220793083, 0.16222161962745466, 0.18074061376306627, 0.19638442113682045, 0.1892924669763788, 0.16537455356363234, 0.20946351550909145, 0.18890991417448882, 0.1835254486882189, 0.2014218837429257, 0.16560034677997543, 0.1612364235796636, 0.16316669124851738, 0.15873377301266178, 0.19691831062024173, 0.1820399223642397, 0.18130952423382893, 0.16285536974391251, 0.17147843636360552, 0.19980010879899218, 0.17490476859562892, 0.19581880702432178, 0.17120524171452803, 0.1681281906961576, 0.19348736851986584, 0.21043855036242176, 0.19213068493258734, 0.19494987025851965, 0.15261598279877495, 0.18622969482892682, 0.19130907334338176, 0.1635710502203051, 0.18780308525806927, 0.19953296829474165, 0.17482389440860258, 0.18229804493428833, 0.15400102166200783, 0.1636781433342513, 0.1601852816402487, 0.18431313067508587, 0.16445863900359617, 0.18608908469898958, 0.17191244425600385, 0.1695823287250674, 0.1779958344934096, 0.21722124893187653, 0.18779517405700302, 0.14942471013901182, 0.1825019544946319, 0.1715583585879653, 0.19161343777008377, 0.2121753634523163]",0.17956348824562623,0.017179014210159833,73
16,PL,1.9664175757555429,0.2015779571271376,12,"[0.16368919653517686, 0.18447056349548807, 0.18797686366125346, 0.1895594211954099, 0.18502312827651649, 0.17622474385197082, 0.17868980357674327, 0.17247420870620997, 0.18298517565671898, 0.18562583403682814, 0.17815545603320554, 0.2028374126153067, 0.18492167664580172, 0.15986365769970307, 0.18278660321959697, 0.19506662282479664, 0.17352861591267815, 0.20007240584634906, 0.189838003632668, 0.18123949279274998, 0.1896954397387644, 0.17238602301110245, 0.18857637902623525, 0.16897901932787102, 0.1781740585329668, 0.18956495202752952, 0.17056580563260854, 0.17238674960024472, 0.1793520554399235, 0.18089230756273741, 0.15671343461122306, 0.17809615702932446, 0.19281069881549265, 0.18001817962670735, 0.2006019824182557, 0.18222520927567137, 0.19866518280813739, 0.16733498966401744, 0.1587757589413688, 0.1949001450662878, 0.1716980467681962, 0.183141331972512, 0.1811560544244309, 0.17663691137366455, 0.1978844366812593, 0.16748681310763414, 0.18630246002733822, 0.1643507172717877, 0.19215066893386906, 0.17560811882290728, 0.16752909076406636, 0.1719309670886913, 0.18039244114837855, 0.1766356299954346, 0.16373323197111786, 0.1607478752476823, 0.1883927504052654, 0.17555087118839255, 0.17152883083357656, 0.17616517127176567, 0.18547948593601973, 0.1627124171951122, 0.1732226242995164, 0.17300761803551323, 0.18239903370694294, 0.18660124335526493, 0.1894698961546494, 0.18481213913648809, 0.19043807563687476, 0.16734038699504578, 0.16429843091005633, 0.18347346798563674, 0.17787494145340305, 0.1848990356284665, 0.16247095586957538, 0.18029238858439606, 0.1677600778205516, 0.16205361272077393, 0.15301083142717675, 0.20164933487827016, 0.18394730743761342, 0.18995093707465022, 0.19650056967395424, 0.17522312873417858, 0.18997800884701163, 0.17722693444534354, 0.17061083085922657, 0.17483795631064952, 0.18220337399985412, 0.16909391056603365, 0.15759557148822279, 0.16859628173252472, 0.20410746529389318, 0.16596640795863501, 0.18881468776284907, 0.18966946562697384, 0.17572036031758634, 0.16613404528485215, 0.18825612613428006, 0.18511970798924382]",0.17917584908936923,0.011392345305478146,116
17,VISpor,-0.22428741983334907,0.20507231597388828,3,"[0.189406943021639, 0.17975896051769233, 0.21364629036035385, 0.18654931611471814, 0.20888394284452008, 0.25915690984565654, 0.19922293128644736, 0.21888493179877558, 0.22155032505430686, 0.19284067799961208, 0.196097331644847, 0.20481139097822287, 0.19434174775628996, 0.18329182811221884, 0.19337540383537483, 0.18403929271034783, 0.2099940632227896, 0.18038532160616738, 0.2232713230794774, 0.21123675815477091, 0.2455470971324572, 0.18990201536187346, 0.1743629588449158, 0.2497639075253029, 0.24033539138452134, 0.20955144893202046, 0.20833171728902827, 0.2034589983654685, 0.24285377197266417, 0.21060567498894833, 0.20152572243156316, 0.24032196468279718, 0.20389061569933037, 0.2225028680788736, 0.20283551570559166, 0.19747464402933887, 0.21427625864744695, 0.2010410398706877, 0.19824014276893032, 0.21271317477423937, 0.23055865711999182, 0.19632934071767114, 0.26725273067667576, 0.2207803245197068, 0.21949513723908404, 0.20721199015127958, 0.2160597110069402, 0.19158925640077581, 0.2614570502820813, 0.21537968138841215, 0.16546295835256306, 0.2206130221261826, 0.2073978806679525, 0.20156021977562183, 0.17591905376327321, 0.1778872898689338, 0.21258244742459012, 0.18314760721201456, 0.2100792941554786, 0.23983714248590673, 0.20300634172266285, 0.18186938213408407, 0.21950939592949584, 0.20459285613558312, 0.22204266817737026, 0.2091398669516069, 0.19156237610127616, 0.18865130305083114, 0.208253954967718, 0.23960092730274313, 0.20037905299193956, 0.24916811433453329, 0.2353439776309351, 0.2018187231850651, 0.19788407164949884, 0.21565732829093442, 0.22797509354988751, 0.1858239428424051, 0.2233215255843946, 0.2199902810722639, 0.25237867904163025, 0.20910844949967786, 0.1840995879499878, 0.23405039087349433, 0.20239405228446206, 0.20704472402115637, 0.19306821313459743, 0.21269724768637877, 0.19522180073420675, 0.19762819594265169, 0.19700854445434882, 0.24181607627489682, 0.2008196870687712, 0.19987443064427646, 0.23977679058916984, 0.1832223774468291, 0.2292929767311864, 0.20051235128816688, 0.1790650074085206, 0.27444022063989465]",0.209999924010849,0.02197005984830555,50
18,VISa,0.8237711093844651,0.1571642578467872,3,"[0.14649725173222913, 0.15167976272365752, 0.15385171201873218, 0.15289113385158978, 0.15546117317909539, 0.1621696621497033, 0.14895008712747215, 0.14611429276330032, 0.1387266570516578, 0.16262858362007704, 0.14797283386062482, 0.15405188519625918, 0.15777035143538817, 0.14746610313556485, 0.1493932814051873, 0.14549456892059862, 0.15185101787846028, 0.14853895209414386, 0.15152725256865973, 0.15327988752335597, 0.1515450530746319, 0.15338723012072628, 0.15199823619011313, 0.15522877925022066, 0.14826509662697412, 0.148856813670066, 0.15787419356334148, 0.15267182103672264, 0.14846933875288992, 0.14230870955504643, 0.15238350284840438, 0.15206912337437717, 0.14986037892945936, 0.15693043580114488, 0.1508431837378246, 0.14417667417346705, 0.14590909283519277, 0.14829191029065822, 0.15590405310148514, 0.14866583283464585, 0.152470871385649, 0.14414871447579483, 0.14575782240578994, 0.14759529649729275, 0.1659486029667733, 0.14202737144433475, 0.14811828388405088, 0.15809118117029414, 0.1498275629551581, 0.15355008250648075, 0.1507946612521347, 0.14990170806904343, 0.14765615210802693, 0.14856491412774347, 0.14867653499385755, 0.15400154188143592, 0.14295064841720417, 0.16383833228828407, 0.16609753265521854, 0.16097133793326418, 0.14821468605953156, 0.15648212610025106, 0.1505378562899605, 0.15406979387541173, 0.16056723568849218, 0.15523539666976457, 0.16414316634754167, 0.1426550373957648, 0.14976247477713397, 0.1511373998146608, 0.15816288071534637, 0.15513119083304594, 0.14438840992370183, 0.15847966433844948, 0.16312460767538584, 0.1503536683285929, 0.15130631979075537, 0.15727552878839524, 0.1573398876532807, 0.14408886841070392, 0.15428253840641912, 0.14280599460659194, 0.14588616627637288, 0.1452803222822947, 0.1414076386266721, 0.1434324915875565, 0.15928599047043068, 0.15767210694913758, 0.14674776884209007, 0.1640998984854807, 0.15757361481228532, 0.16118110496320795, 0.16058939935265165, 0.15526360271686407, 0.1524952810131895, 0.14801239169900207, 0.14721414380856937, 0.1555431586462205, 0.1614393798220414, 0.15729463177334857]",0.1521290888803758,0.006112339834512721,406
19,VISam,0.63792129764646,0.17883911238240613,9,"[0.1599411937905638, 0.16736586021951338, 0.15018939293311537, 0.17180116684527683, 0.17658918911642496, 0.1629914670669327, 0.1804351623249173, 0.17646949661957576, 0.16050284157797778, 0.16356231906448437, 0.1619742910182743, 0.1646688239538468, 0.1735373234906554, 0.19152075979131583, 0.1724120750435385, 0.17938329480625945, 0.17576226001628031, 0.17831309706201806, 0.16207883942396492, 0.17979894131894314, 0.17693030220864264, 0.18318026750467806, 0.170089824316213, 0.16804485752819898, 0.18755990868330732, 0.17171661383604142, 0.15993532123482718, 0.15684413001637798, 0.17302460597594607, 0.1829476788663586, 0.17074754332143932, 0.18173802777066003, 0.18162886791646796, 0.1554683211232077, 0.17682584077765676, 0.15988993859535322, 0.17090604983670757, 0.16155533616149553, 0.16411004405459068, 0.17706344463852494, 0.1789087317515653, 0.17326851363936308, 0.18436295750023418, 0.15179010044850325, 0.1662438015439018, 0.17396459103747788, 0.21123515754366565, 0.17797476056207548, 0.18690028638515188, 0.17916603545029702, 0.18590749005572377, 0.17823564322403324, 0.17148195034077035, 0.16124966219085174, 0.14263971239623982, 0.17276219080873256, 0.17434064897553853, 0.17023339205338064, 0.1822530688712079, 0.1716690464830161, 0.17424057958029862, 0.17457300339651888, 0.16010014007756784, 0.18084214723664768, 0.15920118192535895, 0.19735844639091854, 0.157132868708078, 0.1703005256516254, 0.18012105230960448, 0.17041426889120118, 0.15416431634499336, 0.16561236094286338, 0.2022163459308166, 0.1725946690808805, 0.18051856091482185, 0.1601937580444693, 0.1769190284424931, 0.15109836456006562, 0.15308302310114102, 0.17423140143153626, 0.18517447953177646, 0.17283461776807688, 0.15638777820795596, 0.18241624870159973, 0.156876505935442, 0.1632387247342869, 0.16641521992216027, 0.18657853498334903, 0.17754114129987644, 0.16046194982654127, 0.1593890095713161, 0.167468580680787, 0.16941199726373718, 0.16954073994510188, 0.18206390747711643, 0.16997967616953344, 0.17960413401278874, 0.1810346610499513, 0.16508273576276317, 0.15154397146452428]",0.17152053118382887,0.011472545634670534,82
20,MOs,1.5626117101384547,0.1610336022628665,3,"[0.15107287781926143, 0.15120820656203934, 0.14300687399965095, 0.1554737432914617, 0.15328288175909577, 0.1546470099208254, 0.15254722564994252, 0.1533586537555167, 0.16519460170041614, 0.14716214148823256, 0.1486035614836607, 0.14334543307127498, 0.15205597937528742, 0.14175942070905082, 0.14689311282312234, 0.15786699333748758, 0.14364038260979856, 0.1492174147360663, 0.14954366906803412, 0.15222479806627792, 0.15370048478681475, 0.14981302247258918, 0.14355981288607153, 0.1551568860517246, 0.15211426800215333, 0.14077526178261768, 0.14220412880128366, 0.14938493060895425, 0.14798446608921248, 0.14956166588510814, 0.14830088878856773, 0.13893947757397487, 0.15644963486222876, 0.1417050147361161, 0.15378524573324923, 0.14433466691129365, 0.1448705341884658, 0.15187830069845523, 0.14873134500804203, 0.14605374114958466, 0.14782098237351363, 0.14739492858607678, 0.1460423160514428, 0.14764478598904635, 0.1498409682124332, 0.14693445312425676, 0.1480683490855845, 0.1574652451598269, 0.1463412770413066, 0.15468644963310496, 0.1663685364559603, 0.15552624003210752, 0.15558811113280582, 0.1466530170163295, 0.1465066720669797, 0.15511235805480908, 0.16184036566266882, 0.16290836595247044, 0.13911108063521607, 0.14538572918027964, 0.14879620125574605, 0.15532306021522932, 0.14435966983004478, 0.16195726864741328, 0.16133735481639855, 0.15588894948933615, 0.15013656429011799, 0.1629619402366094, 0.14380164644868088, 0.15377817475398203, 0.15187025583627994, 0.14797371903039366, 0.13153684124195744, 0.13549679172358398, 0.14255940066559653, 0.15683636709033963, 0.1423560108352152, 0.16513307266735783, 0.15677792273437732, 0.15245980002264833, 0.14939566440164348, 0.1526465502642032, 0.15160937374595515, 0.1488108375707421, 0.14951593753881715, 0.1571981973992673, 0.15288795801249688, 0.15922348114802343, 0.16051518022596065, 0.1375770529195938, 0.15132070386464674, 0.1464763829085845, 0.1524470937810023, 0.1564762534828087, 0.14773973304218832, 0.1407727559325816, 0.1598702446154536, 0.15376474825271413, 0.16034921643400296, 0.14746354667872855]",0.15056050913739952,0.006702300422757629,469
21,ACAd,0.4527831053539883,0.18398119464981483,4,"[0.1640914909559286, 0.173456731141039, 0.1890935532499186, 0.20256045336982015, 0.1780567982365143, 0.16796485969257105, 0.1744763324927852, 0.18047283747349308, 0.19006240456351625, 0.2054602274435543, 0.17941580703731644, 0.17293478998372552, 0.20666535165752684, 0.1689644982356865, 0.18599912659957718, 0.17472267671358122, 0.18775663074884358, 0.1838417621761865, 0.19128508113673048, 0.1656638974782153, 0.18731764856876476, 0.1652340412621705, 0.1755797166267277, 0.18979544353441716, 0.16319835791818338, 0.17393483842082194, 0.1976113306947049, 0.1956535809743432, 0.18310976181504626, 0.1855612292096395, 0.15843391049911876, 0.17405696886999483, 0.18134515194006998, 0.18278337872186137, 0.17154667969986084, 0.19295619330726174, 0.17647706433806296, 0.17778476082756725, 0.17012400816473627, 0.18228480166525193, 0.1695640492657945, 0.18779716678066383, 0.16906651049258004, 0.17011167833704238, 0.1580365687105796, 0.1870849351923066, 0.1849223359343702, 0.1920303430261822, 0.16037707315019015, 0.18073730152477996, 0.18100469021054977, 0.17878285213034995, 0.17282498067446866, 0.1780685265638744, 0.171944129207737, 0.18953423029316005, 0.1723151399786048, 0.1859421382471318, 0.1807278404664137, 0.17940239866442803, 0.1747548565746262, 0.16655428633047148, 0.1661571181787814, 0.17574906362294357, 0.1811977874539604, 0.22552308702367282, 0.18958883979917265, 0.1876783176297106, 0.18476632289059902, 0.16913062408509244, 0.17271472127687604, 0.18503960080874485, 0.16578001626287697, 0.16187124324494803, 0.2020865237212705, 0.16814640712169104, 0.17693191424211363, 0.19199082752400784, 0.16305411691127217, 0.1894542764203907, 0.17455957387145654, 0.16097409740763421, 0.17026328711637642, 0.17167708698504136, 0.17011788199070665, 0.16941958821760533, 0.1658536262897504, 0.16474925995276968, 0.17181872933578166, 0.16982446832181555, 0.200981920957083, 0.16275834797129965, 0.17895344014026826, 0.19084593603001673, 0.1705005776659495, 0.17493353455826366, 0.1798776140976187, 0.18040544516120816, 0.1907226929985019, 0.16239338378821636]",0.17857809510276934,0.011933085583706385,144
